name	contigs	total_len	gap	mean_len	N50	N90	max_len	min_len	GC
PN10RA.m500.fa	771876	1009528908	0	1307.89	1522	596	527479	500	48.29
PN10RB.m500.fa	745611	989138546	0	1326.61	1573	595	512949	500	48.96
PN10RC.m500.fa	802254	997009283	0	1242.76	1397	587	432157	500	49.50
PN10RD.m500.fa	847972	1068643410	0	1260.23	1430	588	361768	500	48.90
PN10RE.m500.fa	880543	1078530826	0	1224.85	1368	588	355924	500	48.69
PN10RF.m500.fa	764423	1044822254	0	1366.81	1674	600	543475	500	48.17
PN10RG.m500.fa	894834	1079753951	0	1206.65	1335	581	347183	500	50.45
PN10RH.m500.fa	818847	1085437679	0	1325.57	1582	599	264049	500	48.85
PN10RI.m500.fa	864904	1098303693	0	1269.86	1463	590	314058	500	49.77
PN10RJ.m500.fa	779300	1023219464	0	1313.00	1550	595	481558	500	49.16
PN10RK.m500.fa	902480	1089645012	0	1207.39	1330	582	301811	500	49.45
PN10RL.m500.fa	749984	1030834969	0	1374.48	1703	601	375515	500	48.30
PN10RM.m500.fa	830367	1087875792	0	1310.11	1546	591	449864	500	48.07
PN10RN.m500.fa	806197	1038022869	0	1287.55	1489	592	651610	500	48.95
PN10RO.m500.fa	834043	1120294252	0	1343.21	1633	599	432368	500	49.50
PN10RP.m500.fa	644296	866948794	0	1345.58	1617	600	378573	500	47.20
PN10RQ.m500.fa	761596	956193818	0	1255.51	1433	588	363135	500	48.77
PN10RR.m500.fa	750074	955204386	0	1273.48	1473	591	319796	500	48.58
PN10RS.m500.fa	797194	1027071672	0	1288.36	1490	589	446312	500	47.72
PN10RT.m500.fa	795115	999909459	0	1257.57	1437	589	342749	500	49.19
PN11RA.m500.fa	1135421	1388668774	0	1223.04	1356	582	407129	500	50.40
PN11RB.m500.fa	825508	1005222652	0	1217.70	1354	581	328915	500	50.40
PN11RC.m500.fa	1066171	1220738119	0	1144.97	1210	576	466879	500	51.28
PN11RD.m500.fa	1004294	1199335989	0	1194.21	1303	580	366393	500	50.08
PN11RE.m500.fa	1068477	1308616897	0	1224.75	1364	582	411188	500	52.94
PN11RF.m500.fa	1037285	1269374295	0	1223.75	1359	581	352695	500	50.80
PN11RG.m500.fa	1044268	1274809749	0	1220.77	1347	582	381639	500	49.88
PN11RH.m500.fa	980134	1196672733	0	1220.93	1352	581	425531	500	49.61
PN11RI.m500.fa	960028	1208083695	0	1258.38	1433	587	344865	500	49.49
PN11RJ.m500.fa	1194530	1434453757	0	1200.85	1324	580	236618	500	49.64
PN11RK.m500.fa	1066775	1285560858	0	1205.09	1337	580	332817	500	49.08
PN11RL.m500.fa	1030850	1238743815	0	1201.67	1322	581	247921	500	49.72
PN11RM.m500.fa	1098963	1353643154	0	1231.75	1376	582	395962	500	49.47
PN11RN.m500.fa	1046934	1269948227	0	1213.02	1344	579	436782	500	54.69
PN11RO.m500.fa	1032019	1225717961	0	1187.69	1301	578	496461	500	50.26
PN12RA.m500.fa	659658	874228565	0	1325.28	1594	593	409944	500	48.04
PN12RB.m500.fa	626169	796968475	0	1272.77	1474	586	457935	500	48.33
PN12RC.m500.fa	587565	776760030	0	1322.00	1571	590	500596	500	48.57
PN12RD.m500.fa	682520	903866538	0	1324.31	1596	591	252699	500	48.51
PN12RE.m500.fa	547515	727680279	0	1329.06	1584	591	256145	500	47.32
PN12RF.m500.fa	535354	718688174	0	1342.45	1631	592	222024	500	47.29
PN12RG.m500.fa	588440	788833016	0	1340.55	1643	593	364872	500	45.87
PN12RH.m500.fa	582718	781711661	0	1341.49	1635	594	271392	500	45.38
PN12RI.m500.fa	686413	901095447	0	1312.76	1566	589	341734	500	47.18
PN12RJ.m500.fa	720590	956952706	0	1328.01	1604	590	594565	500	48.59
PN13RA.m500.fa	905858	1146442878	0	1265.59	1455	588	255445	500	48.08
PN13RB.m500.fa	870526	1096546133	0	1259.64	1434	591	352258	500	48.28
PN13RC.m500.fa	801607	1040364653	0	1297.85	1535	592	266834	500	47.21
PN13RD.m500.fa	871722	1104983235	0	1267.59	1472	589	213292	500	49.01
PN13RE.m500.fa	690259	936924322	0	1357.35	1649	596	573934	500	47.09
PN13RF.m500.fa	862629	1058060082	0	1226.55	1384	582	495541	500	46.97
PN13RG.m500.fa	803143	1045770968	0	1302.10	1552	592	495780	500	47.46
PN13RH.m500.fa	863602	1062133601	0	1229.89	1389	585	496019	500	47.51
PN13RI.m500.fa	785653	1063493124	0	1353.64	1643	596	654030	500	47.03
PN13RJ.m500.fa	905332	1137890176	0	1256.88	1431	587	342096	500	47.59
PN13RK.m500.fa	934102	1180270522	0	1263.53	1445	591	527950	500	46.94
PN13RL.m500.fa	893005	1118896562	0	1252.96	1440	587	346084	500	46.23
PN13RM.m500.fa	803642	1004201223	0	1249.56	1435	585	177092	500	47.74
PN13RN.m500.fa	894414	1154294396	0	1290.56	1512	592	356010	500	48.13
PN13RO.m500.fa	773736	1053068059	0	1361.02	1644	602	437205	500	48.69
PN13RP.m500.fa	871767	1155848611	0	1325.87	1586	594	510530	500	48.03
PN13RQ.m500.fa	947295	1212825576	0	1280.30	1491	589	343129	500	47.63
PN13RR.m500.fa	828393	1125537686	0	1358.70	1660	598	440116	500	48.17
PN13RS.m500.fa	973455	1259812659	0	1294.17	1525	593	284956	500	48.34
PN13RT.m500.fa	578371	785272591	0	1357.73	1667	599	322625	500	44.75
PN1IG.m500.fa	9479	8167740	0	861.67	779	535	61915	500	43.31
PN1IJ.m500.fa	11324	12476695	0	1101.79	1152	556	77259	500	47.01
PN1JA.m500.fa	45382	64148314	0	1413.52	1848	610	161828	500	42.91
PN1JD.m500.fa	6495	5460410	0	840.71	786	539	14541	500	49.29
PN1JG.m500.fa	86097	122761837	0	1425.85	1887	601	235329	500	46.66
PN14RK.m500.fa	741299	983504999	0	1326.73	1600	598	382500	500	46.54
PN14RM.m500.fa	557582	769955372	0	1380.88	1727	600	1025432	500	47.02
PN14RO.m500.fa	739319	941120411	0	1272.96	1467	590	250521	500	47.79
PN14RQ.m500.fa	639772	934938529	0	1461.36	1956	608	515167	500	49.08
PN14RS.m500.fa	599452	796323554	0	1328.42	1590	596	499809	500	46.67
PN15RA.m500.fa	415365	584973127	0	1408.34	1788	603	372499	500	44.01
PN15RC.m500.fa	718376	886813589	0	1234.47	1387	586	232810	500	45.92
PN15RE.m500.fa	539313	778458800	0	1443.43	1886	609	611793	500	44.61
PN15RG.m500.fa	597906	739324923	0	1236.52	1394	586	189150	500	45.96
PN15RI.m500.fa	553196	735562683	0	1329.66	1597	596	231108	500	45.27
PN15RK.m500.fa	702942	938222429	0	1334.71	1613	597	450394	500	46.34
PN15RM.m500.fa	714295	885509573	0	1239.70	1399	587	286829	500	46.09
PN15RO.m500.fa	526207	756124201	0	1436.93	1889	609	384884	500	44.65
PN16RA.m500.fa	1020895	1318595716	0	1291.61	1515	592	397644	500	47.63
PN16RC.m500.fa	911322	1203851761	0	1320.99	1573	595	309829	500	47.76
PN16RE.m500.fa	712753	953212157	0	1337.37	1614	595	454296	500	45.33
PN16RG.m500.fa	795898	1032158653	0	1296.85	1526	592	254933	500	45.80
PN16RI.m500.fa	738021	947786318	0	1284.23	1490	589	458854	500	46.72
PN16RK.m500.fa	881852	1148948084	0	1302.88	1524	592	335371	500	47.34
PN16RM.m500.fa	665737	876304775	0	1316.29	1572	594	246297	500	46.59
PN16RO.m500.fa	949282	1188936356	0	1252.46	1422	588	597260	500	48.08
PN16RQ.m500.fa	885901	1144955371	0	1292.42	1510	593	946546	500	48.58
PN16RS.m500.fa	766491	1007334455	0	1314.22	1565	593	458847	500	46.93
PN16RU.m500.fa	838765	1110624099	0	1324.12	1592	592	371518	500	46.81
PN1CA.m500.fa	977583	1121345112	0	1147.06	1221	575	447028	500	47.40
PN1CC.m500.fa	572036	666933440	0	1165.89	1258	575	248373	500	46.89
PN1CE.m500.fa	416369	549010052	0	1318.57	1569	593	347547	500	44.76
PN1CG.m500.fa	430198	550415069	0	1279.45	1483	587	270045	500	41.81
PN1CI.m500.fa	485117	601535071	0	1239.98	1394	589	192121	500	44.59
PN1CK.m500.fa	418173	518716115	0	1240.43	1388	585	238211	500	44.05
PN1DA.m500.fa	6703	5794770	0	864.50	806	535	20854	500	50.83
PN1DC.m500.fa	54097	79412752	0	1467.97	2170	596	123787	500	47.99
PN1DE.m500.fa	7452	5761214	0	773.11	715	529	14482	500	50.70
PN1DG.m500.fa	11731	12590124	0	1073.24	1084	551	94774	500	41.72
PN1DI.m500.fa	10304	10604389	0	1029.15	1060	549	46718	500	48.06
PN1DK.m500.fa	36781	71132013	0	1933.93	3571	687	120888	500	47.16
PN1GA.m500.fa	21522	20226108	0	939.79	903	545	40403	500	40.18
PN1GC.m500.fa	99273	150390678	0	1514.92	2152	614	252996	500	48.28
PN1GE.m500.fa	129553	237245558	0	1831.26	3355	658	420374	500	47.60
PN1GG.m500.fa	195789	269394719	0	1375.94	1725	593	339593	500	45.44
PN1GI.m500.fa	23494	39035173	0	1661.50	2768	629	616784	500	46.38
PN1GK.m500.fa	88925	152687348	0	1717.04	2814	650	168280	500	49.02
PN1IA.m500.fa	64846	95717673	0	1476.08	2192	603	88330	500	43.45
PN1IC.m500.fa	34845	55929921	0	1605.11	2489	624	105079	500	41.44
PN1IE.m500.fa	16750	18332925	0	1094.50	1180	563	130569	500	40.41
PN1IH.m500.fa	30636	35161546	0	1147.72	1257	582	117498	500	46.63
PN1IK.m500.fa	39069	59598922	0	1525.48	2312	606	245485	500	43.42
PN1JB.m500.fa	21930	33681759	0	1535.88	2425	611	91436	500	36.36
PN1JE.m500.fa	194805	295211785	0	1515.42	2155	614	311838	500	47.55
PN1JH.m500.fa	79206	142740077	0	1802.14	3208	658	303685	500	49.25
PN13RU.m500.fa	908724	1144778117	0	1259.76	1449	586	528134	500	46.64
PN14RA.m500.fa	618157	825413086	0	1335.28	1611	599	763101	500	46.21
PN14RB.m500.fa	649857	919762237	0	1415.33	1827	603	275119	500	49.81
PN14RC.m500.fa	607614	905564271	0	1490.36	2054	613	700425	500	47.31
PN14RD.m500.fa	783254	1009549250	0	1288.92	1497	591	291978	500	47.34
PN14RE.m500.fa	565553	773164928	0	1367.10	1682	597	291108	500	47.22
PN14RF.m500.fa	636505	905135017	0	1422.04	1848	604	357126	500	49.35
PN14RG.m500.fa	775266	1060911430	0	1368.45	1701	602	763241	500	46.35
PN14RH.m500.fa	837784	1116859871	0	1333.11	1605	597	440795	500	46.17
PN14RI.m500.fa	925815	1250396194	0	1350.59	1655	597	261289	500	49.02
PN14RJ.m500.fa	612799	914503827	0	1492.34	2050	614	579161	500	46.99
PN14RL.m500.fa	800546	1023913259	0	1279.02	1470	591	440859	500	46.38
PN14RN.m500.fa	634025	934237617	0	1473.50	2008	611	701257	500	47.12
PN14RP.m500.fa	635861	872079223	0	1371.49	1684	598	408539	500	47.51
PN14RR.m500.fa	678298	907833604	0	1338.40	1625	599	763041	500	47.02
PN14RT.m500.fa	619008	821332531	0	1326.85	1580	595	505191	500	46.62
PN15RB.m500.fa	679876	934217290	0	1374.10	1714	601	670332	500	46.14
PN15RD.m500.fa	359526	502580173	0	1397.90	1779	603	416384	500	42.63
PN15RF.m500.fa	623556	780622647	0	1251.89	1432	588	220494	500	45.05
PN15RH.m500.fa	639724	805300235	0	1258.82	1440	591	168819	500	45.92
PN15RJ.m500.fa	748480	921065553	0	1230.58	1394	585	197231	500	45.04
PN15RL.m500.fa	704755	944914701	0	1340.77	1624	600	453737	500	47.04
PN15RN.m500.fa	696352	869075434	0	1248.04	1412	588	223360	500	45.75
PN15RP.m500.fa	706091	912786481	0	1292.73	1511	595	272073	500	44.60
PN16RB.m500.fa	818856	1049431224	0	1281.58	1478	589	284982	500	46.79
PN16RD.m500.fa	710556	870217087	0	1224.70	1359	583	415294	500	46.16
PN16RF.m500.fa	883806	1135322749	0	1284.58	1504	589	328309	500	47.29
PN16RH.m500.fa	956781	1235324316	0	1291.13	1515	590	429264	500	48.10
PN16RJ.m500.fa	886763	1131910731	0	1276.45	1479	590	318099	500	47.16
PN16RL.m500.fa	762429	961987430	0	1261.74	1435	588	344286	500	46.57
PN16RN.m500.fa	825775	1074982992	0	1301.79	1530	591	543733	500	46.94
PN16RP.m500.fa	778484	1017981539	0	1307.65	1529	599	258632	500	46.91
PN16RR.m500.fa	788726	1052617444	0	1334.58	1608	594	456239	500	47.20
PN16RT.m500.fa	901776	1159977778	0	1286.33	1501	592	775496	500	48.12
PN16RV.m500.fa	770888	974060235	0	1263.56	1444	588	338933	500	46.24
PN1CB.m500.fa	914808	1053909186	0	1152.06	1226	579	474320	500	46.85
PN1CD.m500.fa	734739	984898633	0	1340.47	1644	598	277028	500	46.14
PN1CF.m500.fa	349711	449458755	0	1285.23	1495	589	164711	500	42.77
PN1CH.m500.fa	781707	938662867	0	1200.79	1326	579	200473	500	46.47
PN1CJ.m500.fa	762071	859002216	0	1127.19	1187	571	163714	500	45.21
PN1CL.m500.fa	627642	805174113	0	1282.86	1477	592	352896	500	44.75
PN1DB.m500.fa	6740	5570327	0	826.46	773	536	16751	500	49.97
PN1DD.m500.fa	12341	11269771	0	913.20	840	539	52934	500	44.71
PN1DF.m500.fa	6210	5532575	0	890.91	849	540	22191	500	51.62
PN1DH.m500.fa	26388	31750081	0	1203.20	1370	563	91830	500	49.86
PN1DJ.m500.fa	83736	141712849	0	1692.38	3028	628	179716	500	49.15
PN1DL.m500.fa	94927	156381775	0	1647.39	2842	622	236316	500	48.59
PN1GB.m500.fa	320213	344045420	0	1074.43	1108	564	115356	500	46.20
PN1GD.m500.fa	93364	155892752	0	1669.73	2562	648	151516	500	48.34
PN1GF.m500.fa	102333	161251651	0	1575.75	2386	621	440694	500	45.91
PN1GH.m500.fa	83991	149824177	0	1783.81	3246	651	303683	500	51.24
PN1GJ.m500.fa	136350	238573596	0	1749.71	3075	647	373575	500	50.53
PN1GL.m500.fa	99629	170223350	0	1708.57	2648	653	182383	500	49.87
PN1IB.m500.fa	76027	110529765	0	1453.82	1979	616	109699	500	49.16
PN1ID.m500.fa	61673	99402703	0	1611.77	2610	621	149334	500	38.70
PN1IF.m500.fa	13850	15439588	0	1114.77	1119	562	59796	500	38.03
PN1II.m500.fa	46804	71767819	0	1533.37	2258	618	97285	500	35.67
PN1IL.m500.fa	19238	21993555	0	1143.24	1230	561	68596	500	46.70
PN1JC.m500.fa	71743	114051533	0	1589.72	2425	627	100421	500	38.51
PN1JF.m500.fa	48991	78739335	0	1607.22	2482	631	220591	500	40.73
PN1JI.m500.fa	26595	44052036	0	1656.40	2760	628	91061	500	42.32
PN1JJ.m500.fa	75049	131157958	0	1747.63	3011	649	182121	500	51.13
PN1JK.m500.fa	39804	78904718	0	1982.33	3722	701	348718	500	46.61
PN1JL.m500.fa	80009	136380164	0	1704.56	2825	647	188857	500	49.94
PN1LA.m500.fa	17199	17958773	0	1044.18	1060	553	88253	500	43.41
PN1LB.m500.fa	11492	12249452	0	1065.91	1074	551	86562	500	45.43
PN1LC.m500.fa	829810	981992287	0	1183.39	1284	578	290968	500	48.01
PN1LD.m500.fa	688098	910121233	0	1322.66	1592	597	259356	500	46.62
PN1LE.m500.fa	305968	375377109	0	1226.85	1364	578	305156	500	45.12
PN1LF.m500.fa	456186	559831697	0	1227.20	1378	580	243196	500	44.18
PN1LG.m500.fa	380980	464529032	0	1219.30	1349	583	254135	500	45.96
PN1LH.m500.fa	674603	839561119	0	1244.53	1403	584	358456	500	47.02
PN1LI.m500.fa	545198	699246311	0	1282.55	1488	594	304688	500	45.39
PN1LJ.m500.fa	328566	394890050	0	1201.86	1321	574	234346	500	44.58
PN1LK.m500.fa	422718	528848876	0	1251.07	1420	583	341565	500	44.97
PN1LL.m500.fa	243860	290951773	0	1193.11	1305	578	332882	500	44.59
PN1RA.m500.fa	1506635	1868367130	0	1240.09	1398	591	445987	500	46.74
PN1RB.m500.fa	1452342	1766854685	0	1216.56	1359	587	243734	500	48.04
PN1RC.m500.fa	1253317	1607149258	0	1282.32	1491	594	618366	500	48.13
PN1RD.m500.fa	1113938	1514953038	0	1360.00	1694	601	234339	500	45.91
PN1RE.m500.fa	681795	914589784	0	1341.44	1633	596	345815	500	47.41
PN1RF.m500.fa	772189	952615847	0	1233.66	1397	586	257645	500	46.62
PN1RG.m500.fa	404520	491797962	0	1215.76	1350	581	230795	500	47.43
PN1RH.m500.fa	1108513	1411646989	0	1273.46	1475	590	543675	500	47.50
PN1RI.m500.fa	778473	995881614	0	1279.28	1487	590	281727	500	46.96
PN1RJ.m500.fa	736044	908418645	0	1234.19	1403	588	306798	500	48.26
PN1RK.m500.fa	1149186	1421973053	0	1237.37	1401	589	323966	500	47.11
PN1RL.m500.fa	920556	1287661785	0	1398.79	1767	604	544052	500	45.42
PN2CA.m500.fa	608288	725054764	0	1191.96	1306	579	225714	500	46.08
PN2CB.m500.fa	957188	1146517641	0	1197.80	1329	580	248811	500	47.38
PN2CC.m500.fa	773328	883138003	0	1142.00	1209	578	231588	500	46.31
PN2CD.m500.fa	840735	968723903	0	1152.23	1241	573	359533	500	46.59
PN2CE.m500.fa	861958	988043109	0	1146.28	1222	578	238565	500	46.59
PN2CF.m500.fa	875218	1078131187	0	1231.84	1391	586	302348	500	48.62
PN2CG.m500.fa	877186	1112712287	0	1268.50	1474	587	341608	500	47.69
PN2CH.m500.fa	1077858	1245458120	0	1155.49	1241	575	364512	500	46.52
PN2CI.m500.fa	1123346	1324748448	0	1179.29	1292	578	257077	500	47.79
PN2CJ.m500.fa	1025805	1183956451	0	1154.17	1241	573	422894	500	46.39
PN2DA.m500.fa	10705	13802451	0	1289.35	1555	576	93449	500	44.74
PN2DB.m500.fa	38092	57242378	0	1502.74	2242	599	166951	500	45.07
PN2DC.m500.fa	5608	4667702	0	832.33	779	536	13440	500	52.32
PN2DD.m500.fa	11011	9908702	0	899.89	876	543	17408	500	47.95
PN2DE.m500.fa	11449	16400973	0	1432.52	2217	577	146193	500	48.73
PN2DF.m500.fa	7838	6885287	0	878.45	842	546	26050	500	46.11
PN2DG.m500.fa	24871	40934719	0	1645.88	2676	621	345649	500	45.53
PN2DH.m500.fa	5114	4166588	0	814.74	763	534	11393	500	52.55
PN2DI.m500.fa	9075	7712260	0	849.84	804	538	19863	500	51.65
PN2DJ.m500.fa	12654	12616130	0	997.01	994	551	39518	500	45.36
PN2GA.m500.fa	32340	49287862	0	1524.05	2344	599	166951	500	46.23
PN2GB.m500.fa	186239	190398011	0	1022.33	957	551	190040	500	46.58
PN2GC.m500.fa	133274	158330207	0	1188.01	1254	559	292002	500	48.27
PN2GD.m500.fa	156470	169684206	0	1084.45	1039	555	370806	500	46.88
PN2GE.m500.fa	169628	175870693	0	1036.80	955	552	148550	500	46.49
PN2GF.m500.fa	208326	201620755	0	967.81	856	545	258030	500	50.33
PN2GG.m500.fa	258358	234128784	0	906.22	804	540	179981	500	46.93
PN2GH.m500.fa	61326	77118491	0	1257.52	1477	571	306395	500	43.68
PN2GI.m500.fa	184217	195380378	0	1060.60	1026	556	190176	500	46.36
PN2GJ.m500.fa	70426	98328370	0	1396.19	1894	590	370818	500	45.88
PN2IA.m500.fa	26225	47143815	0	1797.67	3445	647	135697	500	40.32
PN2IB.m500.fa	97404	146495215	0	1504.00	2172	609	148873	500	38.99
PN2IC.m500.fa	59622	94249451	0	1580.78	2565	615	176480	500	33.87
PN2ID.m500.fa	13373	19372994	0	1448.66	2155	590	86227	500	46.70
PN2IE.m500.fa	14361	20494277	0	1427.08	1885	585	236282	500	41.52
PN2IF.m500.fa	81994	127512730	0	1555.15	2364	614	170029	500	43.77
PN2IG.m500.fa	11872	14631397	0	1232.43	1512	571	37523	500	49.56
PN2IH.m500.fa	7757	6484897	0	836.01	786	536	18561	500	49.34
PN2II.m500.fa	6635	5711184	0	860.77	803	536	18557	500	51.77
PN2IJ.m500.fa	8066	7727505	0	958.03	917	544	15884	500	48.57
PN2JA.m500.fa	27163	48298686	0	1778.11	3394	636	128174	500	43.03
PN2JB.m500.fa	56304	79515746	0	1412.26	1835	597	190040	500	46.31
PN2JC.m500.fa	45437	83513631	0	1838.01	3434	658	166700	500	45.22
PN2JD.m500.fa	158379	215012748	0	1357.58	1732	589	566687	500	40.86
PN2JE.m500.fa	25577	41878548	0	1637.35	2679	629	105464	500	33.07
PN2JF.m500.fa	22901	28215379	0	1232.06	1379	569	147180	500	44.61
PN2JG.m500.fa	32456	51501698	0	1586.82	2567	611	167660	500	44.04
PN2JH.m500.fa	34964	51432507	0	1471.01	2082	610	110823	500	39.11
PN2JI.m500.fa	41163	60723411	0	1475.19	2136	602	101021	500	32.76
PN2JJ.m500.fa	17829	26361666	0	1478.58	2133	595	136091	500	44.93
PN2LA.m500.fa	742709	895456299	0	1205.66	1328	585	410348	500	47.75
PN2LB.m500.fa	737338	896820226	0	1216.29	1364	584	219851	500	48.83
PN2LC.m500.fa	564316	640195627	0	1134.46	1194	577	231617	500	47.44
PN2LD.m500.fa	723871	835598673	0	1154.35	1236	574	427291	500	48.32
PN2LE.m500.fa	587572	638615486	0	1086.87	1126	567	197128	500	48.29
PN2LF.m500.fa	670734	801479418	0	1194.93	1312	581	231946	500	48.02
PN2LG.m500.fa	715075	892704063	0	1248.41	1429	583	315895	500	48.29
PN2LH.m500.fa	786668	885745529	0	1125.95	1187	572	202612	500	46.85
PN2LI.m500.fa	813975	938762584	0	1153.31	1242	578	250775	500	47.82
PN2LJ.m500.fa	589111	668020403	0	1133.95	1197	574	176514	500	48.34
PN2RA.m500.fa	1107338	1362539996	0	1230.46	1376	585	315393	500	46.63
PN2RB.m500.fa	856891	1040662257	0	1214.46	1363	582	211307	500	48.49
PN2RC.m500.fa	1049564	1231337141	0	1173.19	1264	581	298787	500	46.77
PN2RD.m500.fa	686400	774877058	0	1128.90	1206	573	362929	500	48.77
PN2RE.m500.fa	1078999	1246334199	0	1155.08	1246	577	333646	500	46.40
PN2RF.m500.fa	1089695	1384497506	0	1270.54	1480	588	241434	500	48.31
PN2RG.m500.fa	878470	1103344443	0	1255.98	1447	586	353611	500	47.47
PN2RH.m500.fa	1118251	1297546597	0	1160.34	1253	576	330987	500	47.22
PN2RI.m500.fa	1075316	1276339041	0	1186.94	1314	579	254908	500	49.18
PN2RJ.m500.fa	1020177	1177707567	0	1154.41	1240	574	196461	500	49.04
PN3CA.m500.fa	984089	1187797711	0	1207.00	1335	582	292847	500	48.04
PN3CB.m500.fa	1005730	1230840323	0	1223.83	1375	585	404588	500	47.78
PN3CC.m500.fa	1156116	1397619880	0	1208.89	1337	581	283825	500	47.62
PN3CD.m500.fa	632302	868826201	0	1374.07	1708	602	1019816	500	46.14
PN3CE.m500.fa	285570	327375573	0	1146.39	1246	573	104285	500	46.26
PN3CF.m500.fa	990473	1176583336	0	1187.90	1289	584	280748	500	47.03
PN3CG.m500.fa	753069	982202934	0	1304.27	1543	593	251986	500	46.01
PN3CH.m500.fa	947516	1132815061	0	1195.56	1306	584	308379	500	47.65
PN3DA.m500.fa	5754	4612644	0	801.64	765	534	8474	500	48.71
PN3DB.m500.fa	8100	6315668	0	779.71	719	530	14694	500	49.40
PN3DC.m500.fa	6496	5428851	0	835.72	783	540	15679	500	47.87
PN3DD.m500.fa	191091	293095140	0	1533.80	2064	624	360006	500	53.68
PN3DE.m500.fa	7325	5975270	0	815.74	751	534	16179	500	50.47
PN3DF.m500.fa	107351	174961751	0	1629.81	2503	635	417799	500	48.29
PN3DG.m500.fa	184912	297625852	0	1609.55	2353	635	625323	500	49.48
PN3DH.m500.fa	7095	5842870	0	823.52	772	538	22661	500	48.00
PN3GA.m500.fa	170912	235767875	0	1379.47	1757	587	324537	500	48.98
PN3GB.m500.fa	145579	247366319	0	1699.19	2952	633	508378	500	49.60
PN3GC.m500.fa	67134	90939497	0	1354.60	1709	586	136594	500	51.16
PN3GD.m500.fa	323272	408212124	0	1262.75	1492	576	222590	500	49.72
PN3GE.m500.fa	293230	289811465	0	988.34	902	550	131237	500	49.47
PN3GF.m500.fa	173968	241070740	0	1385.72	1813	594	364414	500	45.31
PN3GG.m500.fa	82749	110593145	0	1336.49	1683	586	271490	500	51.39
PN3GH.m500.fa	72303	105633813	0	1460.99	2012	602	266799	500	49.22
PN3IA.m500.fa	7035	5527958	0	785.78	727	531	10662	500	51.28
PN3IB.m500.fa	99513	146045579	0	1467.60	2044	605	202439	500	33.41
PN3IC.m500.fa	12798	11943473	0	933.23	874	545	42694	500	41.49
PN3ID.m500.fa	7367	5980131	0	811.75	772	537	8123	500	48.34
PN3IE.m500.fa	25877	33016754	0	1275.91	1556	583	70845	500	35.14
PN3IF.m500.fa	16394	15549445	0	948.48	917	550	55189	500	39.96
PN3IG.m500.fa	12719	13362339	0	1050.58	1083	558	51822	500	38.02
PN3IH.m500.fa	15478	17721413	0	1144.94	1221	568	176540	500	37.23
PN3JA.m500.fa	72250	103588718	0	1433.75	1868	597	618533	500	50.23
PN3JB.m500.fa	5834	5029681	0	862.13	829	544	13534	500	50.32
PN3JC.m500.fa	68089	101096601	0	1484.77	2002	603	280075	500	49.46
PN3JD.m500.fa	156946	243221451	0	1549.71	2296	618	491344	500	43.14
PN3JE.m500.fa	68055	93137688	0	1368.56	1756	596	148671	500	32.46
PN3JF.m500.fa	156958	244918691	0	1560.41	2276	628	187481	500	39.89
PN3JG.m500.fa	167488	267246144	0	1595.61	2410	625	711819	500	46.11
PN3JH.m500.fa	55066	87201060	0	1583.57	2459	613	241483	500	45.55
PN3LA.m500.fa	826766	1071246185	0	1295.71	1518	593	320060	500	48.75
PN3LB.m500.fa	706407	863072128	0	1221.78	1367	584	282840	500	48.88
PN3LC.m500.fa	1030963	1239731630	0	1202.50	1321	579	431376	500	47.25
PN3LD.m500.fa	712410	963843830	0	1352.93	1653	599	807043	500	46.22
PN3LE.m500.fa	826521	1053176198	0	1274.23	1477	587	465783	500	47.32
PN3LF.m500.fa	684120	826764753	0	1208.51	1334	584	473531	500	47.15
PN3LG.m500.fa	702562	935525462	0	1331.59	1598	595	915578	500	47.06
PN3LH.m500.fa	1016625	1216837494	0	1196.94	1305	583	441909	500	47.55
PN3RA.m500.fa	1008645	1280450236	0	1269.48	1462	588	287609	500	49.25
PN3RB.m500.fa	881642	1084056127	0	1229.59	1396	586	260865	500	49.83
PN3RC.m500.fa	964840	1162592043	0	1204.96	1334	580	284400	500	48.87
PN3RD.m500.fa	855389	1183387193	0	1383.45	1738	602	325010	500	48.53
PN3RE.m500.fa	896764	1136604075	0	1267.45	1458	589	324371	500	48.36
PN3RF.m500.fa	1184307	1576911141	0	1331.51	1619	596	506032	500	48.51
PN3RG.m500.fa	859553	1149668170	0	1337.52	1616	597	794737	500	47.23
PN3RH.m500.fa	1311763	1633595930	0	1245.34	1417	586	319239	500	48.61
PN4RA.m500.fa	607922	836614430	0	1376.19	1711	601	402223	500	49.05
PN4RB.m500.fa	672650	820365340	0	1219.60	1361	582	345527	500	49.10
PN4RC.m500.fa	722808	888127522	0	1228.72	1389	586	482147	500	49.26
PN4RD.m500.fa	802908	985796896	0	1227.78	1384	586	351946	500	48.57
PN4RE.m500.fa	750454	964258571	0	1284.90	1499	590	342279	500	49.37
PN4RF.m500.fa	392113	500439207	0	1276.26	1484	586	257440	500	47.37
PN4RG.m500.fa	614734	809868151	0	1317.43	1567	594	791463	500	48.13
PN4RH.m500.fa	616031	797135992	0	1293.99	1517	591	443568	500	48.33
PN5CA.m500.fa	383417	725869071	0	1893.16	3521	674	609315	500	45.10
PN5CB.m500.fa	392618	772536803	0	1967.66	3870	683	396178	500	45.98
PN5CC.m500.fa	274711	578599859	0	2106.21	5289	688	545788	500	45.32
PN5CD.m500.fa	344226	665477724	0	1933.26	3795	676	609448	500	44.93
PN5CE.m500.fa	340044	679874598	0	1999.37	4064	689	609448	500	44.64
PN5CF.m500.fa	377114	758571866	0	2011.52	4165	688	426711	500	46.13
PN5CG.m500.fa	353886	720200211	0	2035.12	4757	679	545791	500	45.32
PN5CH.m500.fa	33154	71777574	0	2164.97	7967	644	380166	500	38.86
PN5DA.m500.fa	9228	7234311	0	783.95	742	534	18508	500	44.52
PN5DB.m500.fa	9412	9766903	0	1037.71	1050	555	40946	500	45.49
PN5DC.m500.fa	15153	14580508	0	962.22	933	547	34091	500	45.29
PN5DD.m500.fa	55402	106780963	0	1927.38	3377	685	1122430	500	37.18
PN5DE.m500.fa	17864	25659136	0	1436.36	2906	566	255222	500	42.74
PN5DF.m500.fa	7284	6008322	0	824.87	757	533	23315	500	50.29
PN5DG.m500.fa	15226	13174816	0	865.28	848	548	14280	500	36.49
PN5DH.m500.fa	29432	58355590	0	1982.73	6406	640	387594	500	36.65
PN5GA.m500.fa	217071	282540260	0	1301.60	1598	585	177498	500	49.09
PN5GB.m500.fa	149709	179829582	0	1201.19	1330	571	230697	500	50.68
PN5GC.m500.fa	130765	180488254	0	1380.25	1745	598	236843	500	50.16
PN5GD.m500.fa	229085	322969249	0	1409.82	1893	600	213501	500	48.91
PN5GE.m500.fa	180731	223550145	0	1236.92	1404	577	177025	500	49.67
PN5GF.m500.fa	191799	264628638	0	1379.72	1775	596	213361	500	50.00
PN5GG.m500.fa	262404	348965693	0	1329.88	1675	588	236841	500	49.43
PN5GH.m500.fa	199110	261411314	0	1312.90	1602	587	464575	500	49.29
PN5IA.m500.fa	145053	258513029	0	1782.20	2939	659	380085	500	43.92
PN5IB.m500.fa	124849	203685482	0	1631.45	2421	634	359666	500	41.08
PN5IC.m500.fa	29602	75434022	0	2548.27	8143	762	378069	500	37.64
PN5ID.m500.fa	20842	54807362	0	2629.66	9798	765	380084	500	37.72
PN5IE.m500.fa	162434	330077794	0	2032.07	4111	697	609452	500	43.99
PN5IF.m500.fa	30712	69918016	0	2276.57	7960	688	378147	500	38.83
PN5IG.m500.fa	28701	73365375	0	2556.20	8379	778	380135	500	38.07
PN5IH.m500.fa	110968	180004790	0	1622.13	2479	624	462520	500	41.81
PN5JA.m500.fa	147420	170446319	0	1156.20	1219	605	380131	500	37.49
PN5JB.m500.fa	48598	83262264	0	1713.29	3536	608	276656	500	43.24
PN5JC.m500.fa	49608	95437144	0	1923.83	3687	672	1122413	500	36.65
PN5JD.m500.fa	292234	493921624	0	1690.16	2622	642	276208	500	46.12
PN5JE.m500.fa	50012	75882354	0	1517.28	2121	591	381745	500	52.19
PN5JF.m500.fa	61977	103426968	0	1668.80	2968	613	271645	500	47.58
PN5JG.m500.fa	54245	103680423	0	1911.34	3327	676	1122698	500	36.57
PN5JH.m500.fa	301613	495083156	0	1641.45	2530	631	406529	500	45.98
PN5LA.m500.fa	258941	568856572	0	2196.86	5506	718	609450	500	46.37
PN5LB.m500.fa	395450	787121138	0	1990.44	4216	681	396423	500	46.63
PN5LC.m500.fa	413778	780069895	0	1885.24	3575	670	462023	500	46.09
PN5LD.m500.fa	414385	790064524	0	1906.60	3610	677	406849	500	46.31
PN5LE.m500.fa	263293	578161046	0	2195.88	5648	717	550114	500	46.48
PN5LF.m500.fa	403835	842553040	0	2086.38	4738	695	575659	500	46.11
PN5LG.m500.fa	424261	834360432	0	1966.62	3982	684	448289	500	46.07
PN5LH.m500.fa	399281	728933631	0	1825.62	3259	662	609316	500	45.07
PN5RA.m500.fa	523757	1016047893	0	1939.92	3781	679	462826	500	46.88
PN5RB.m500.fa	464094	905213640	0	1950.50	3891	678	386656	500	46.84
PN5RC.m500.fa	301616	721191369	0	2391.09	6921	745	487540	500	46.89
PN5RD.m500.fa	458429	900375110	0	1964.04	4016	678	484512	500	46.58
PN5RE.m500.fa	490901	994800489	0	2026.48	4475	683	393510	500	46.59
PN5RF.m500.fa	537665	1018013204	0	1893.40	3555	672	458802	500	46.53
PN5RG.m500.fa	460352	925958641	0	2011.41	4068	694	634106	500	45.65
PN5RH.m500.fa	502069	1003062335	0	1997.86	4132	686	488127	500	46.14
PN6RA.m500.fa	902464	1194523616	0	1323.62	1578	597	381163	500	49.60
PN6RB.m500.fa	1056746	1447640935	0	1369.90	1702	601	404964	500	49.69
PN6RC.m500.fa	1109770	1537170485	0	1385.13	1735	605	299497	500	49.09
PN6RD.m500.fa	956047	1230228429	0	1286.79	1485	594	494940	500	49.65
PN6RE.m500.fa	779789	1032447421	0	1324.01	1560	597	450569	500	51.15
PN6RF.m500.fa	727717	1046688985	0	1438.32	1864	611	343608	500	48.35
PN6RG.m500.fa	929214	1230565946	0	1324.31	1577	598	498225	500	48.89
PN6RH.m500.fa	930873	1204159493	0	1293.58	1501	593	436101	500	50.35
PN6RI.m500.fa	890963	1185664038	0	1330.77	1584	591	436204	500	50.54
PN6RJ.m500.fa	744013	998994512	0	1342.71	1630	598	451578	500	47.54
PN6RK.m500.fa	661099	875974649	0	1325.03	1581	591	571414	500	51.17
PN6RL.m500.fa	966488	1253845383	0	1297.32	1527	593	342620	500	49.23
PN6RM.m500.fa	808494	1111242891	0	1374.46	1691	602	458843	500	48.83
PN6RN.m500.fa	886001	1162708515	0	1312.31	1553	595	401549	500	49.17
PN6RO.m500.fa	748802	1071775073	0	1431.32	1860	607	354805	500	49.44
PN6RP.m500.fa	882528	1133774169	0	1284.69	1483	588	381163	500	50.35
PN6RQ.m500.fa	765507	1029935765	0	1345.43	1639	598	478729	500	50.08
PN6RR.m500.fa	865869	1136515880	0	1312.57	1562	592	622204	500	49.51
PN6RS.m500.fa	866117	1128387895	0	1302.81	1537	591	464795	500	49.74
PN6RT.m500.fa	949585	1236268442	0	1301.90	1534	592	364953	500	50.79
PN7RA.m500.fa	550091	753478384	0	1369.73	1687	601	268147	500	48.52
PN7RB.m500.fa	714242	929483487	0	1301.36	1521	595	634149	500	47.00
PN7RC.m500.fa	767847	1007530232	0	1312.15	1563	593	328677	500	46.91
PN7RD.m500.fa	560731	782568231	0	1395.62	1772	603	301457	500	46.47
PN7RE.m500.fa	653200	931447114	0	1425.98	1845	604	492316	500	47.58
PN7RF.m500.fa	756309	1054874139	0	1394.77	1749	606	298311	500	48.42
PN7RG.m500.fa	740391	1002345067	0	1353.81	1647	598	1025691	500	49.60
PN7RH.m500.fa	672578	904526015	0	1344.86	1616	598	436012	500	46.84
PN7RI.m500.fa	662958	930326931	0	1403.30	1792	604	437694	500	48.09
PN7RJ.m500.fa	832868	1055116512	0	1266.85	1460	588	358328	500	47.86
PN7RK.m500.fa	800951	1061153955	0	1324.87	1601	597	326949	500	47.83
PN7RL.m500.fa	664724	932050280	0	1402.16	1753	604	643138	500	46.93
PN7RM.m500.fa	671923	888085311	0	1321.71	1562	593	636663	500	47.03
PN7RN.m500.fa	829196	1058267551	0	1276.26	1474	590	283797	500	47.75
PN7RO.m500.fa	681986	917713559	0	1345.65	1612	602	480829	500	46.05
PN7RP.m500.fa	691687	941592329	0	1361.30	1661	598	849595	500	48.71
PN7RQ.m500.fa	752748	1037332373	0	1378.06	1707	602	384286	500	48.35
PN7RR.m500.fa	615287	887882285	0	1443.04	1901	604	485097	500	47.32
PN7RS.m500.fa	545752	757407724	0	1387.82	1749	602	303084	500	46.45
PN7RT.m500.fa	768716	1004741198	0	1307.04	1545	592	289917	500	47.28
PN7RU.m500.fa	735427	953797992	0	1296.93	1516	596	695923	500	47.34
PN7RV.m500.fa	551916	763865193	0	1384.02	1723	602	268169	500	48.75
PN8RA.m500.fa	642090	966865614	0	1505.81	2066	615	951004	500	45.68
PN8RB.m500.fa	654977	996336595	0	1521.18	2112	619	951125	500	45.79
PN8RC.m500.fa	510628	778211635	0	1524.03	2128	623	417606	500	46.33
PN8RD.m500.fa	650852	970309971	0	1490.83	2026	614	849369	500	45.26
PN8RE.m500.fa	656883	946363689	0	1440.69	1870	607	342959	500	46.50
PN8RF.m500.fa	616597	905376359	0	1468.34	1958	611	292465	500	46.34
PN8RG.m500.fa	736025	991161558	0	1346.64	1629	596	225520	500	46.76
PN8RH.m500.fa	452219	713904962	0	1578.67	2348	621	408469	500	44.85
PN8RI.m500.fa	612317	873210712	0	1426.08	1857	603	266170	500	46.05
PN8RJ.m500.fa	596354	850619818	0	1426.37	1825	607	703040	500	46.27
PN8RK.m500.fa	543658	786536896	0	1446.75	1928	606	301598	500	45.89
PN8RL.m500.fa	739992	1080726465	0	1460.46	1935	610	621464	500	47.54
PN8RM.m500.fa	775089	1105531705	0	1426.33	1838	607	362986	500	46.74
PN8RN.m500.fa	613561	908514684	0	1480.72	2007	612	380352	500	46.23
PN8RO.m500.fa	763526	1060230528	0	1388.60	1769	602	282806	500	48.82
PN8RP.m500.fa	611385	925059295	0	1513.06	2100	617	800176	500	46.20
PN8RQ.m500.fa	607682	874000303	0	1438.25	1885	607	216967	500	47.38
PN8RR.m500.fa	604373	911051977	0	1507.43	2077	617	343707	500	46.32
PN8RS.m500.fa	682973	1023108842	0	1498.02	2039	619	823383	500	45.66
PN9RA.m500.fa	734135	938679538	0	1278.62	1477	590	349640	500	49.41
PN9RB.m500.fa	799369	1046792840	0	1309.52	1552	595	349639	500	49.46
PN9RC.m500.fa	756125	967821861	0	1279.98	1484	590	323932	500	49.32
PN9RD.m500.fa	799779	1043208673	0	1304.37	1536	595	303518	500	48.89
PN9RE.m500.fa	771446	1022771372	0	1325.78	1583	595	349705	500	49.15
PN9RF.m500.fa	736577	974367761	0	1322.83	1573	596	303586	500	49.29
PN9RG.m500.fa	715613	924806217	0	1292.33	1510	590	349644	500	49.17
PN9RH.m500.fa	681546	892417916	0	1309.40	1543	591	349616	500	49.86
PN9RI.m500.fa	563208	855758941	0	1519.44	2145	615	855557	500	48.85
PN9RJ.m500.fa	724004	1142946082	0	1578.65	2309	625	710579	500	47.98
PN9RK.m500.fa	564277	865592456	0	1533.98	2193	616	1045952	500	47.75
PN9RL.m500.fa	770124	979672603	0	1272.10	1466	594	303523	500	49.16
PN9RM.m500.fa	864290	1111053039	0	1285.51	1505	591	303694	500	48.75
PN9RN.m500.fa	769640	981149434	0	1274.82	1475	590	303522	500	49.22
PN9RO.m500.fa	665658	893497246	0	1342.28	1628	596	308226	500	48.77
PN9RP.m500.fa	666685	897515261	0	1346.24	1633	597	349687	500	49.26
PN9RQ.m500.fa	689722	924007301	0	1339.68	1618	594	303625	500	49.75
